peticion_id,latencia_ms
1,40.48
2,44.6
3,49.66
4,50.96
5,38.16
6,36.75
7,49.7
8,42.42
9,43.11
10,60.34
11,39.83
12,60.25
13,63.58
14,51.87
15,64.96
16,46.89
17,47.44
18,37.91
19,48.62
20,63.78
21,52.05
22,43.02
23,41.2
24,45.73
25,54.12
26,62.52
27,55.67
28,55.41
29,57.72
30,60.07
31,62.31
32,62.1
33,177.43
34,38.05
35,47.58
36,55.25
37,59.73
38,46.98
39,35.7
40,42.13
41,63.9
42,42.47
43,57.39
44,41.04
45,64.99
46,63.9
47,51.7
48,40.86
49,38.62
50,42.75
51,45.31
52,53.74
53,55.68
54,47.28
55,53.48
56,53.33
57,53.07
58,54.84
59,47.89
60,42.06
61,162.86
62,48.81
63,53.26
64,50.19
65,41.35
66,183.33
67,44.67
68,38.39
69,51.19
70,60.39
71,56.69
72,40.92
73,46.04
74,53.9
75,57.63
76,55.34
77,36.92
78,47.36
79,35.13
80,64.31
81,60.8
82,58.28
83,242.39
84,62.11
85,45.19
86,35.4
87,39.9
88,38.67
89,48.16
90,55.52
91,59.8
92,43.32
93,56.75
94,41.15
95,44.83
96,41.81
97,50.76
98,61.21
99,43.42
100,35.02
